{
    "os": "Windows-10-10.0.19044-SP0",
    "python": "3.8.16",
    "heartbeatAt": "2023-04-04T09:51:17.124795",
    "startedAt": "2023-04-04T09:51:16.365942",
    "docker": null,
    "cuda": null,
    "args": [],
    "state": "running",
    "program": "c:/Users/WIN10/Desktop/AI6103-DEEP LEARNING & APPLICATIONS/Group Project/main.py",
    "codePath": "main.py",
    "host": "Kendrick-ITX",
    "username": "WIN10",
    "executable": "C:\\Software\\Anaconda3\\envs\\deep_learning\\python.exe",
    "cpu_count": 8,
    "cpu_count_logical": 16,
    "cpu_freq": {
        "current": 3792.0,
        "min": 0.0,
        "max": 3792.0
    },
    "cpu_freq_per_core": [
        {
            "current": 3792.0,
            "min": 0.0,
            "max": 3792.0
        }
    ],
    "disk": {
        "total": 952.6635475158691,
        "used": 733.4077911376953
    },
    "gpu": "NVIDIA GeForce RTX 4090",
    "gpu_count": 1,
    "gpu_devices": [
        {
            "name": "NVIDIA GeForce RTX 4090",
            "memory_total": 25757220864
        }
    ],
    "memory": {
        "total": 31.88531494140625
    }
}
